{
    "total_runtime": 969.2220094203949,
    "num_documents": 22,
    "input_load_time": 0,
    "workflows": {
        "create_base_text_units": {
            "overall": 0.5506041049957275
        },
        "create_final_documents": {
            "overall": 0.07788586616516113
        },
        "extract_graph": {
            "overall": 344.99186730384827
        },
        "finalize_graph": {
            "overall": 0.18587136268615723
        },
        "create_communities": {
            "overall": 0.22844958305358887
        },
        "create_final_text_units": {
            "overall": 0.11603569984436035
        },
        "create_community_reports": {
            "overall": 547.6250691413879
        },
        "generate_text_embeddings": {
            "overall": 75.22517943382263
        }
    }
}